<core:FragmentDefinition xmlns="sap.m" xmlns:core="sap.ui.core">
	<Popover showHeader="false" class="sapUiContentPadding" contentWidth="250px" contentHeight="150px" resizable="true">
		<HBox>
			<Label labelFor="var-value" text="(X)"/>
			<Label id="curr-val-lbl"/>
		</HBox>
		<Input id="var-value" liveChange="onLiveXValChange" required="true" type="Number"/>
		<footer>
			<Toolbar>
				<ToolbarSpacer/>
				<Button type="Emphasized" enabled="{view>/isXVal}" text="Set" press="onSetValToRule"/>
				<Button text="Cancel" press="onEditRuleValCancel"/>
			</Toolbar>
		</footer>
	</Popover>
</core:FragmentDefinition>