{
	"StrategyCollection": [{
		"key": 1001,
		"Name": "Stategy 1",
		"ProductId": "HT-1000",
		"Category": "Laptops",
		"MainCategory": "Computer Systems",
		"TaxTarifCode": "1",
		"SupplierName": "Very Best Screens",
		"WeightMeasure": 4.2,
		"WeightUnit": "KG",
		"Description": "Notebook Basic 15 with 2,80 GHz quad core, 15\" LCD, 4 GB DDR3 RAM, 500 GB Hard Disc, Windows 8 Pro",
		"DateOfSale": "2017-03-26",
		"ProductPicUrl": "https://openui5.hana.ondemand.com/test-resources/sap/ui/documentation/sdk/images/HT-1000.jpg",
		"Status": "Available",
		"Quantity": 10,
		"UoM": "PC",
		"CurrencyCode": "EUR",
		"Price": 956,
		"Width": 30,
		"Depth": 18,
		"Height": 3,
		"DimUnit": "cm"
	}, {
		"key": 2,
		"Name": "Stategy 2",
		"ProductId": "HT-1001",
		"Category": "Laptops",
		"MainCategory": "Computer Systems",
		"TaxTarifCode": "1",
		"SupplierName": "Very Best Screens",
		"WeightMeasure": 4.5,
		"WeightUnit": "KG",
		"Description": "Notebook Basic 17 with 2,80 GHz quad core, 17\" LCD, 4 GB DDR3 RAM, 500 GB Hard Disc, Windows 8 Pro",
		"DateOfSale": "2017-04-17",
		"ProductPicUrl": "https://openui5.hana.ondemand.com/test-resources/sap/ui/documentation/sdk/images/HT-1001.jpg",
		"Status": "Available",
		"Quantity": 20,
		"UoM": "PC",
		"CurrencyCode": "EUR",
		"Price": 1249,
		"Width": 29,
		"Depth": 17,
		"Height": 3.1,
		"DimUnit": "cm"
	}, {
		"key": 3,
		"Name": "Stategy 3",
		"ProductId": "HT-1002",
		"Category": "Laptops",
		"MainCategory": "Computer Systems",
		"TaxTarifCode": "1",
		"SupplierName": "Very Best Screens",
		"WeightMeasure": 4.2,
		"WeightUnit": "KG",
		"Description": "Notebook Basic 18 with 2,80 GHz quad core, 18\" LCD, 8 GB DDR3 RAM, 1000 GB Hard Disc, Windows 8 Pro",
		"DateOfSale": "2017-01-07",
		"ProductPicUrl": "https://openui5.hana.ondemand.com/test-resources/sap/ui/documentation/sdk/images/HT-1002.jpg",
		"Status": "Available",
		"Quantity": 10,
		"UoM": "PC",
		"CurrencyCode": "EUR",
		"Price": 1570,
		"Width": 28,
		"Depth": 19,
		"Height": 2.5,
		"DimUnit": "cm"
	}, {
		"key": 4,
		"Name": "Stategy 4",
		"ProductId": "HT-1003",
		"Category": "Laptops",
		"MainCategory": "Computer Systems",
		"TaxTarifCode": "1",
		"SupplierName": "Smartcards",
		"WeightMeasure": 4.2,
		"WeightUnit": "KG",
		"Description": "Notebook Basic 19 with 2,80 GHz quad core, 19\" LCD, 8 GB DDR3 RAM, 1000 GB Hard Disc, Windows 8 Pro",
		"DateOfSale": "2017-04-09",
		"ProductPicUrl": "https://openui5.hana.ondemand.com/test-resources/sap/ui/documentation/sdk/images/HT-1003.jpg",
		"Status": "Available",
		"Quantity": 15,
		"UoM": "PC",
		"CurrencyCode": "EUR",
		"Price": 1650,
		"Width": 32,
		"Depth": 21,
		"Height": 4,
		"DimUnit": "cm"
	}, {
		"key": 1005,
		"Name": "Stategy 5",
		"ProductId": "HT-1007",
		"Category": "Accessories",
		"MainCategory": "Computer Components",
		"TaxTarifCode": "1",
		"SupplierName": "Technocom",
		"WeightMeasure": 0.2,
		"WeightUnit": "KG",
		"Description": "Digital Organizer with State-of-the-Art Storage Encryption",
		"DateOfSale": "2017-05-17",
		"ProductPicUrl": "https://openui5.hana.ondemand.com/test-resources/sap/ui/documentation/sdk/images/HT-1007.jpg",
		"Status": "Available",
		"Quantity": 15,
		"UoM": "PC",
		"CurrencyCode": "EUR",
		"Price": 299,
		"Width": 32,
		"Depth": 22,
		"Height": 3,
		"DimUnit": "cm"
	}, {
		"key": 1006,
		"Name": "Stategy 6",
		"ProductId": "HT-1010",
		"Category": "Accessories",
		"MainCategory": "Computer Systems",
		"TaxTarifCode": "1",
		"SupplierName": "Very Best Screens",
		"WeightMeasure": 4.3,
		"WeightUnit": "KG",
		"Description": "Notebook Professional 15 with 2,80 GHz quad core, 15\" Multitouch LCD, 8 GB DDR3 RAM, 500 GB SSD - DVD-Writer (DVD-R/+R/-RW/-RAM),Windows 8 Pro",
		"DateOfSale": "2017-02-22",
		"ProductPicUrl": "https://openui5.hana.ondemand.com/test-resources/sap/ui/documentation/sdk/images/HT-1010.jpg",
		"Status": "Available",
		"Quantity": 16,
		"UoM": "PC",
		"CurrencyCode": "EUR",
		"Price": 1999,
		"Width": 33,
		"Depth": 20,
		"Height": 3,
		"DimUnit": "cm"
	}, {
		"key": 1007,
		"Name": "Stategy 7",
		"ProductId": "HT-1011",
		"Category": "Laptops",
		"MainCategory": "Computer Systems",
		"TaxTarifCode": "1",
		"SupplierName": "Very Best Screens",
		"WeightMeasure": 4.1,
		"WeightUnit": "KG",
		"Description": "Notebook Professional 17 with 2,80 GHz quad core, 17\" Multitouch LCD, 8 GB DDR3 RAM, 500 GB SSD - DVD-Writer (DVD-R/+R/-RW/-RAM),Windows 8 Pro",
		"DateOfSale": "2017-01-02",
		"ProductPicUrl": "https://openui5.hana.ondemand.com/test-resources/sap/ui/documentation/sdk/images/HT-1011.jpg",
		"Status": "Available",
		"Quantity": 17,
		"UoM": "PC",
		"CurrencyCode": "EUR",
		"Price": 2299,
		"Width": 33,
		"Depth": 23,
		"Height": 2,
		"DimUnit": "cm"
	}]
}