{
	"WRHouse":[
		{
			"wrKey" : 3001,
            "wrhname": "Warehouse 1",
            "Location": "Sap Labs",
            "CNo" : "9080706050",
            "MId" : "22345"
	 	},
	 	{
	 		"wrKey" : 3002,
            "wrhname": "Warehouse 2",
            "Location": "Sap Labs",
            "CNo" : "9080706050",
            "MId" : "12245"
	 	},
	 	{
	 		"wrKey" : 3003,
            "wrhname": "Warehouse 3",
            "Location": "Sap Labs",
            "CNo" : "9080706050",
            "MId" : "12345"
	 	},
	 	{
	 		"wrKey" : 3004,
            "wrhname": "Warehouse 4",
            "Location": "Sap Labs",
            "CNo" : "9080706050",
            "MId" : "12325"
	 	},
	 	{
	 		"wrKey" : 3005,
            "wrhname": "Warehouse 5",
            "Location": "Sap Labs",
            "CNo" : "9080706050",
            "MId" : "12342"
	 	}
	]
}